vendor_id,vendor_name,city,state,logo_filename,notes
410,#1 A.B.C. Auto Parts,Orlando,FL,,
411,#1 Auto,Geneva,NY,,
412,#1 Auto Parts,Woodruff,SC,,
413,#1 Morgan Highway Auto Parts,Scranton,PA,,
414,#1 Tow Junk Cars for Cash,Manassas,VA,,
415,1 Stop Parts,Labelle,FL,,
417,1-800-GOT-JUNK? Boston Central,Charlestown,MA,,
416,1-800-Got-Junk Connecticut,Wallingford,CT,,
418,"10-10 Express Tow & Auto Recycle, LTD",Brookings,OR,,
419,100 Mile New & Used Auto Parts,100 Mile House,BC,,
420,"109 U-Pull-It, Inc.",Winston Salem,NC,,
345,111 Salvage LLC,Granite City,IL,,
421,11th Avenue Auto & Truck Recyclers,Hialeah,FL,,
422,1st Choice Auto Parts,Phoenix,AZ,,
423,1st Choice Used Auto Parts,Orlando,FL,,
424,1st Class Auto Salvage,Trenton,NJ,,
425,2020 Import Auto Parts,Fort Wayne,IN,,
426,205 Auto Salvage,Portland,OR,,
427,"2060 Auto Parts, Inc.",Buffalo,NY,,
428,20th Street Auto Parts,Phoenix,AZ,,
429,21 Towing Barnhart,Barnhart,MO,,
430,21 Towing Imperial,Imperial,MO,,
431,216 Reliable Auto Parts,Kings Mountain,NC,,
432,239 Auto Dismantlers,West Portsmouth,OH,,
433,"2470 Used Auto Parts, LLC",Huntsville,MO,,
434,250 East Auto Recycling,Louisa,VA,,
435,271 Auto Salvage,Gladewater,TX,,
436,2nd Time Auto Parts,Philadelphia,PA,,
437,301 Auto Parts,Olanta,SC,,
438,306 Auto Parts & Wrecking,Novelty,OH,,
439,311 Auto Parts,Sophia,NC,,
440,3M Auto Dismantlers,San Jose,CA,,
441,4 A's Auto Parts,Philadelphia,PA,,
442,4 Brothers Auto Salvage,Lincoln,NE,,
443,4-Auto Parts LLC,Kansas City,MO,,
444,4-Lane Auto Salvage,Nashville,TN,,
445,404 Auto Recycling,Sharon,ON,,
446,406 Auto Parts Inc.,Thorold,ON,,
447,41-A Auto Parts & Sales,Shelbyville,TN,,
448,410 Auto Wrecking LLC,Buckley,WA,,
449,411 Used Parts & Autos,Centre,AL,,
450,422 Auto Sales,Warren,OH,,
451,45 Auto & Truck Salvage,Milan,TN,,
452,"489 Parts, LLC",Olyphant,PA,,
453,495 Truck & Auto Recyclers,Lawrence,MA,,
456,4X4 Used Parts,Fort Collins,CO,,
454,4urParts,Jacksonville,FL,,
455,4x4 Truck & Auto Parts,Winnebago,MN,,
457,5 J's Auto Parts,Albuquerque,NM,,
458,5 Mile Auto Wrecking,Prince Albert,SK,,
459,5 Star Auto Sales,Hialeah,FL,,
460,"52 Auto Salvage, LLC",Salters,SC,,
461,5th Street Auto,Philadelphia,PA,,
462,64-40 Auto Salvage,Russellville,AR,,
463,66 Truck & Foreign Salvage,Joplin,MO,,
464,67 Motors Automotive & Scrap Metal Recycling Yard,Pfafftown,NC,,
465,70 East Auto Salvage,Marion,NC,,
466,74 Auto,Sikeston,MO,,
467,76 Auto Salvage,Willow Springs,MO,,
468,78 West Inc.,Oxford,AL,,
469,7th Avenue Auto Salvage,Fargo,ND,,
470,81 Auto Parts & Recycling,Salem,VA,,
471,969 Auto Salvage,Austin,TX,,
472,97 Auto Wrecking & Shull's Towing,Brewster,WA,,
473,99 Auto Dismantler,Stockton,CA,,
474,99 We Tow It,Bronx,NY,,
475,A & A Auto & Truck,Utica,MI,,
476,A & A Auto & Truck LLC,Orlando,FL,,
477,A & A Auto & Truck Salvage,Wichita,KS,,
375,"A & A Auto & Truck Salvage, Inc.",Berea,KY,,
478,A & A Auto And Truck Parts Inc.,Topeka,KS,,
479,A & A Auto And Truck Parts Inc.,Topeka,KS,,
480,A & A Auto Parts & Sales,Brentwood,CA,,
481,A & A Auto Parts and Salvage,Oklahoma City,OK,,
482,A & A Auto Parts and Towing,Providence,RI,,
483,A & A Auto Recycling,Bradenton,FL,,
484,A & A Auto Salvage,Whippany,NJ,,
485,A & A Auto Salvage Inc.,Fort Pierce,FL,,
486,A & A Midwest,North Las Vegas,NV,,
487,A & A Pickup & Van Parts Inc.,Kennedale,TX,,
488,A & A Scrap Metals Inc.,Astoria,NY,,
489,A & A Self Serve,Brentwood,CA,,
490,A & A Truck Parts,Freehold,NJ,,
54,A & A Truck Parts Inc.,Freehold,NJ,,
491,A & A Used Auto Parts,Ontario,CA,,
492,A & AM Auto Sales & Salvage,Unionville,TN,,
493,A & B Auto Parts,Trotwood,OH,,
494,A & B Auto Salvage Inc,East Hartford,CT,,
495,"A & B Auto Salvage, Inc.",El Paso,TX,,
496,"A & B Auto Salvage, Inc.",Griffin,GA,,
497,A & B Auto Wrecking,Portland,OR,,
498,A & B Motors,Amite,LA,,
499,A & B Scrap Co,Paterson,NJ,,
500,A & B Truck Recycling,San Diego,CA,,
501,A & B Used Auto Parts,Bassett,VA,,
502,A & C Auto Parts & Recycling,Nashville,TN,,
503,A & C Auto Parts & Wrecking Co.,Cleveland,OH,,
504,A & D Auto Parts and Repair,Toledo,OH,,
505,A & D Truck & Auto Parts,Milwaukee,WI,,
506,A & H Auto Body,Philadelphia,PA,,
507,"A & H Auto Salvage, Inc.",Garfield Heights,OH,,
508,A & L Auto Parts,Holland,IA,,
509,A & L Iron & Metal Company,Gaylord,MI,,
510,A & M Auto Dismantlers,Stockton,CA,,
305,A & M Auto Dismantling,Sacramento,CA,,
511,"A & M Auto Wreckers, Inc.",Bronx,NY,,
512,A & M Import Auto Dismantling & Sales,Sun Valley,CA,,
513,A & M International Auto Salvage,Providence,RI,,
514,A & M Used Car Parts,Paterson,NJ,,
515,A & R Auto,Sun Valley,CA,,
516,A & R Auto Dismantlers,Sun Valley,CA,,
517,A & R Auto Salvage & Used Cars,Atoka,TN,,
518,A & R Salvage Yard Used Auto Parts,Paterson,NJ,,
519,A & S Auto Salvage,Toledo,OH,,
520,A & S Auto Wrecking,Phoenix,AZ,,
521,A & S Used Auto Parts Inc,Corona,NY,,
522,"A & T Auto Parts, Inc.",Hyde Park,NY,,
523,A & V Auto LLC,Tifton,GA,,
524,A & V Auto Parts,Calgary,AB,,
525,A & Z Auto Parts & Towing,Orlando,FL,,
526,A Adams Auto Parts & Sales,Pawtucket,RI,,
531,A Auto Salvage of Newton,Newton,NJ,,
532,"A B & B Auto Parts, Inc.",Callahan,FL,,
533,A Bargain Junkyard,New York,NY,,
534,A Better Deal Auto & Truck,Portland,OR,,
535,A Bickoff & Son,East Rutherford,NJ,,
536,A C Salvage,Fort Pierce,FL,,
537,A C's Truck Parts,Stockbridge,GA,,
538,A Combined Used Truck Parts,Abbotsford,BC,,
55,A Double L Auto Salvage,Louisville,KY,,
539,A Liberty Auto Parts & Recyclers,Hamilton,ON,,
540,A Lot Of Used Auto Parts & Aftermarket Auto Parts,Saint John,NB,,
541,A Northside Auto Salvage,Huntsville,AL,,
542,A PartsMart Inc.,Salt Lake City,UT,,
543,"A Plus Auto Parts, Inc.",Pasadena,TX,,
544,A Plus Auto Salvage,Fort Worth,TX,,
545,A Richner's Auto Salvage,Howard,PA,,
56,A Salvage Auto Parts Locator,Lexington,NC,,
550,A U-Pull It,Canutillo,TX,,
551,A Utility Central Used Auto Parts,Medley,FL,,
552,A W Martin Inc,New Bedford,MA,,
553,A W Scrap Processors Inc,Wappingers Falls,NY,,
527,A and A Auto Glass,Brooklyn,NY,,
528,A and D Used Auto Parts and Cars Inc.,Corona,NY,,
529,A and I Auto Recyclers,Fort Worth,TX,,
530,A and M Used Car Parts,Paterson,NJ,,
546,A to Z Auto,Phoenix,AZ,,
548,A to Z Auto Parts,Spring Lake,MI,,
549,A to Z Auto Parts,Apopka,FL,,
547,A to Z Auto and Truck Parts,Palmetto,GA,,
554,A&A Auto Wreckers,Whippany,NJ,,
555,"A&A Iron and Metal Co., LLC",North Bergen,NJ,,
556,A&A Rapido Auto Parts,Miami,FL,,
557,A&E Metals Recycling and Packaging Inc,Westport,MA,,
558,"A&G Auto Recycling, Inc.",Creswell,OR,,
559,A&J Cleaning Pro,Bridgeport,CT,,
560,A&L Auto Recyclers,Lakeshore,ON,,
561,A&L Auto Recyclers,Detroit,MI,,
562,A&M Auto Parts Store,Ypsilanti,MI,,
563,A&P Auto Parts INC.,Cicero,NY,,
564,A&P Auto Parts Rochester INC.,Palmyra,NY,,
565,A+ Price is Right,Vinton,VA,,
566,A-1 Auto,Lake City,TN,,
567,A-1 Auto & Cycle Salvage,Crestline,OH,,
568,A-1 Auto & Spring,Alliance,OH,,
569,"A-1 Auto Body, Ltd.",Calgary,AB,,
607,A-1 Auto Center,Lake City,TN,,
608,A-1 Auto Center,Johnson City,TN,,
570,A-1 Auto Dismantlers,Antioch,CA,,
571,A-1 Auto Parts,Toledo,OH,,
572,A-1 Auto Parts,Dallas,TX,,
573,A-1 Auto Parts,Lafayette,LA,,
574,A-1 Auto Parts & Sales,Wilmington,DE,,
610,A-1 Auto Parts & Supply,Toledo,OH,,
599,A-1 Auto Parts Center,Toledo,OH,,
600,A-1 Auto Parts Center,Dallas,TX,,
601,A-1 Auto Parts Center,Lafayette,LA,,
596,A-1 Auto Recycle Center,Columbia,MO,,
597,A-1 Auto Recycle Center,Fulton,MO,,
598,A-1 Auto Recycle Center,Rapid City,SD,,
575,A-1 Auto Recyclers,Columbia,MO,,
576,A-1 Auto Recyclers,Fulton,MO,,
577,A-1 Auto Recyclers,Brantford,ON,,
578,A-1 Auto Recyclers,Rapid City,SD,,
604,A-1 Auto Recyclers & Parts,Columbia,MO,,
605,A-1 Auto Recyclers & Parts,Fulton,MO,,
606,A-1 Auto Recyclers & Parts,Rapid City,SD,,
588,A-1 Auto Recyclers & Supply,Columbia,MO,,
589,A-1 Auto Recyclers & Supply,Fulton,MO,,
590,A-1 Auto Recyclers & Supply,Rapid City,SD,,
579,A-1 Auto Repair & Tow Service,Winnemucca,NV,,
346,A-1 Auto Salvage,Kirtland,NM,,
580,A-1 Auto Salvage,West Memphis,AR,,
581,A-1 Auto Salvage,Johnson City,TN,,
594,A-1 Auto Salvage & Center,Johnson City,TN,,
587,A-1 Auto Salvage & Parts,West Memphis,AR,,
585,A-1 Auto Salvage & Recyclers,Johnson City,TN,,
591,A-1 Auto Salvage & Recycling,West Memphis,AR,,
603,A-1 Auto Salvage & Supply,West Memphis,AR,,
593,A-1 Auto Salvage Center,Johnson City,TN,,
582,A-1 Auto Supply,Springfield,OR,,
609,A-1 Auto Supply & Center,Springfield,OR,,
602,A-1 Auto Supply & Parts,Springfield,OR,,
592,A-1 Auto Supply & Recycling,Springfield,OR,,
586,A-1 Auto Supply & Salvage,Springfield,OR,,
595,A-1 Auto Supply Center,Springfield,OR,,
376,"A-1-A Auto Parts, Inc.",Lakeland,FL,,
311,A-Abco Fridley Recycled Auto,Fridley,MN,,
611,A1 Repairable Wrecks,Atkinson,NH,,
612,A1- Zehners Junk Car Removal & Hauling,Jim Thorpe,PA,,
613,A2Z Auto Body Parts,Dallas,TX,,
614,AA Auto Parts,Tucson,AZ,,
615,AA Auto Parts,Denver,CO,,
616,AA Auto Parts,Lincolnton,NC,,
617,AA Auto Parts Online,North Little Rock,AR,,
618,"AA Auto Salvage & Recycling, LLC",Defuniak Springs,FL,,
619,"AA Dallas Auto Salvage, Inc.",Dallas,TX,,
620,AA Global Auto Dismantling,San Bernardino,CA,,
621,AA Phoenix Import & Domestic Auto,Phoenix,AZ,,
622,AAA All Car Auto Salvage,Avenel,NJ,,
623,AAA Auto Dismantling,Duarte,CA,,
57,AAA Auto Parts,Evansville,IN,,
624,AAA Auto Parts,Sun Valley,CA,,
625,AAA Auto Recyclers,Dallas,TX,,
626,AAA Auto Recyclers,Ennis,TX,,
627,"AAA Auto Sales Parts & Service, Inc",Orlando,FL,,
628,AAA Auto Salvage,Lyles,TN,,
629,AAA Auto Salvage,Quinlan,TX,,
630,AAA Auto Salvage,Rosemount,MN,,
631,AAA Auto Salvage & Towing,Soddy Daisy,TN,,
632,"AAA Auto Salvage, Inc.",High Point,NC,,
633,AAA Auto Wrecking,Kent,WA,,
634,AAA Broadway Auto Parts,Phoenix,AZ,,
635,AAA Dodge Truck & Van,Rancho Cordova,CA,,
636,AAA Foreign Auto Recycling,Chula Vista,CA,,
637,AAA Imports – Foreign & Domestic Auto Parts,Houston,TX,,
320,"AAA Japanese Imports, Inc.",Houston,TX,,
638,AAA Junk Removal,West Newton,MA,,
639,AAA Management,Monroe Township,NJ,,
377,AAA Parts Plus,Columbus,GA,,
640,AAA Used Auto Sales & Parts LLC,Detroit,MI,,
642,AAAA CO – Yard #6,Lorton,VA,,
643,AABC Discount Used Auto Parts,Richmond,BC,,
321,AALBA Auto Wrecking Inc.,Ridgewood,NY,,
644,AAble Auto Parts,Augusta,ME,,
648,AAction Auto Parts,Savannah,GA,,
338,APS Auto Parts,Effingham,IL,,
324,"ASAP Motors & Parts Systems, Inc.",Houston,TX,,
645,Aable Auto Salvage Inc,Bay Shore,NY,,
646,Aachen Auto,Ypsilanti,MI,,
647,Aacon Auto Parts,Los Angeles,CA,,
649,Aadco Auto Parts,Brampton,ON,,
650,Aaron Auto Supply Corp.,Medford,NY,,
58,Able Auto Wrecking,San Diego,CA,,
59,Abrakadabra Used Auto Parts,Opa Locka,FL,,
347,Absolute German,Seattle,WA,,
60,Ace Auto Wreckers,Deer Park,NY,,
378,Ackerman's Used Parts,Prosperity,SC,,
348,Acme Foreign Auto Wreckers,Santa Rosa,CA,,
61,"Action Auto Parts of St. Paul, Inc.",St. Paul,MN,,
62,"Action Auto Recyclers, Inc.",Barberton,OH,,
63,Affordable Auto Parts,Tannersville,PA,,
64,Affordable Auto Wrecking,Calgary,AB,,
65,Affordable Motors of Brooklyn,Brooklyn,NY,,
66,Aimes Auto Parts,Winnipeg,MB,,
379,Al's Auto Parts,Corpus Christi,TX,,
380,Al's Auto Salvage,Oklahoma City,OK,,
15,"Albert's Used Auto Parts, LLC.",Thomaston,CT,,
67,All American Auto Wreckers,East Patchogue,NY,,
381,All Arizona Auto Recycling,Phoenix,AZ,,
349,All Auto Salvage,Titusville,FL,,
382,All Day Auto Parts,Houston,TX,,
322,All Dodge Truck Parts,Rancho Cordova,CA,,
308,All Foreign Auto Parts,Pittsburgh,PA,,
314,All Import Auto Parts,Fort Worth,TX,,
68,All Japanese Auto,Las Vegas,NV,,
69,All Parts Auto & Truck Salvage,Springfield,MO,,
16,All Pro Used Auto Parts,Auburndale,FL,,
17,All Small Auto Wrecking,Midvale,UT,,
70,All Star Auto Salvage - South,Lawrenceburg,TN,,
96,Allen's Auto Salvage,Lewisberry,PA,,
374,Alpha Automotive,Pulaski,WI,,
97,Alpine Auto Inc.,Los Angeles,CA,,
35,Always Affordable Automotive,Federal Way,WA,,
383,American & Import Auto Parts,Seffner,FL,,
307,"American AutoNetworks, Inc.",Van Nuys,CA,,
98,Andersen Wrecking Co.,Kearney,NE,,
350,Anderson's Auto Towing & Recycling,Tuscola,IL,,
315,Andrew's Auto Parts,White Plains,MD,,
99,Any Kar Auto Parts,Gardena,CA,,
100,Anzo Auto Services,Orlando,FL,,
36,Apache Auto Wrecking,Apache Junction,AZ,,
101,Apple Auto Dismantling,Wilmington,CA,,
351,Archies Auto Recyclers Inc.,Merrillville,IN,,
6,Arite Used Auto Parts,New Britain,CT,,
323,Arizona Desert Specialties,Tucson,AZ,,
102,Art's Parts,Middletown,OH,,
103,Astro Auto Wrecking,Wilmington,CA,,
325,Aurora Auto Wrecking,Seattle,WA,,
37,Auto Adventure Inc.,Portland,OR,,
104,Auto Express,Williamstown,NJ,,
38,Auto Gator Roseville,Roseville,CA,,
384,Auto Lab LLC,Decatur,MS,,
105,Auto Parts 2 Fix,Elizabethton,TN,,
385,Auto Parts Pros,Lakeland,FL,,
106,Auto Parts of Shelby,Shelby,NC,,
107,Auto Recyclers of Kansas,Wichita,KS,,
1,Auto Recycling Mall,Maricopa,AZ,,
108,Auto Source Industries,Woodstock,GA,,
109,"B & M / King George Auto Parts, Inc.",King George,VA,,
342,B & R Auto Wrecking,Albany,OR,,
110,B & S Auto Wrecking,Hines,OR,,
111,B & W Auto Salvage,Springfield,MO,,
352,B Auto Parts,East Saint Louis,IL,,
112,B and J Auto Salvage,Leesburg,IN,,
113,B&B Enterprises,Springfield,MA,,
18,B.C. Automotive Inc.,Zion,IL,,
309,"BW Auto Dismantling, Inc.",Roseville,CA,,
114,Baron's Auto Wrecking Inc.,Morganville,NJ,,
7,Bay Auto Parts Inc.,Green Bay,WI,,
78,Bears Auto Recycling,Harrison Valley,PA,,
326,Beyer Auto Salvage & Sales Inc.,Trenton,FL,,
115,"Big Apple Auto, Inc.",Brooklyn,NY,,
39,"Bill's Auto Parts, Inc.",Cumberland,RI,,
343,Bill's Used Parts Inc.,Christiansburg,VA,,
116,"Billy's Toyota / Lexus Parts, Inc.",Calera,AL,,
117,"Biloxi Auto Recycling, Inc.",Biloxi,MS,,
118,Black Diamond Auto Wrecking,Black Diamond,WA,,
119,Blue Motors Honda & Acura,Sun Valley,CA,,
120,Bob's Auto Wrecking,Milan,OH,,
121,Bob's Fords,Portland,OR,,
122,Bollman's Auto Salvage,Saxton,PA,,
327,Boston Auto Wreckers,York,ON,,
123,Brad's Corvettes,Fort Lauderdale,FL,,
328,Brandon Auto Salvage,Valrico,FL,,
124,"Broadway Truck & Auto, Inc.",Valley Center,KS,,
125,Brown's Auto Salvage,Bomoseen,VT,,
126,Bryant's Auto Parts & Recycling,Westville,IL,,
127,Bryant's Auto Recyclers,Pensacola,FL,,
313,Budget Auto Salvage,Decatur,GA,,
128,Budget Imports,Sheridan,CO,,
386,Budget Used Auto Parts & Recycling,Tulsa,OK,,
129,Burnet Auto Salvage,Burnet,TX,,
130,Butler Used Auto Parts,Forest City,NC,,
2,C & H Auto Salvage,Ridgely,TN,,
131,C & S Corvettes,Sarasota,FL,,
132,Campbell Nelson Auto Recycling,Arlington,WA,,
133,Capitol Auto Parts,Bangor,PA,,
134,Car World,Candia,NH,,
303,Car-Smart,Pecan Gap,TX,,
135,Carol's Automotive & Corvette Dismantler,Santa Clara,CA,,
8,Carthage Auto Parts Co.,Cincinnati,OH,,
79,Carz R Us,Armington,IL,,
136,Central City Auto Parts,Columbus,OH,,
137,Champion Auto and Truck Recyclers,Glendale,AZ,,
138,Chaparral Auto Parts Inc.,Frisco,TX,,
139,Chapman Enterprises Inc.,Knoxville,TN,,
140,Charlie's Auto Parts,Orange,MA,,
369,Chris Auto Salvage,Waxahachie,TX,,
9,Chuck & Eddie's Quality Used Auto Parts,Southington,CT,,
19,City Auto Wreckers,Aurora,IL,,
141,Clark's Used Parts & Salvage,Laurinburg,NC,,
4,Classic Auto Salvage,Melbourne,FL,,
20,Classy Car Parts,New Braunfels,TX,,
353,"Cocoa Auto Salvage, Inc.",Cocoa,FL,,
142,Columbus Auto Recycling,Columbus,OH,,
40,Complete Auto & Truck Parts,Flint,MI,,
143,Condon's Auto Parts,Westminster,MD,,
21,Cosmo's Ocean County Auto Parts,Bayville,NJ,,
41,Costa Mesa Auto Dismantlers,Costa Mesa,CA,,
144,Country Auto Salvage,Aurora,UT,,
145,Coventry West,Lithonia,GA,,
22,"Covey's Auto Parts, Inc.",Marysville,WA,,
316,Crowley Cars & Salvage,Beloit,KS,,
146,"Crushers Auto Recycling, LLC",Francesville,IN,,
80,D & D Truck Parts,Bellport,NY,,
387,D & J Auto Parts,Richmond,IN,,
147,D.C. Bumper Company,Dallas,TX,,
149,DC Automotive,Rocky Mount,NC,,
23,DFW Used Auto Parts,Fort Worth,TX,,
153,DNG Auto,Deland,FL,,
329,Danny's Auto Parts & Salvage,Tulsa,OK,,
148,Dave's Auto Recycling,West Bend,WI,,
354,Davis Salvage Co.,Corbin,KY,,
388,DeNaples Auto Parts,Dunmore,PA,,
150,Delk Performance Parts,Lebanon,TN,,
151,Denver Used Pickup Parts East,Aurora,CO,,
152,Direct Auto Parts,Montreal,QC,,
81,Direct Automotive Products,Rancho Cordova,CA,,
154,Double T Automotive,Woodbridge,VA,,
82,Downtown Auto Parts,Fredericksburg,VA,,
155,Dynamic Corvettes,Saginaw,MI,,
156,E & B Auto Parts Inc.,Blue Island,IL,,
157,E.T. Cote & Son Auto Exchange Inc.,Leominster,MA,,
344,Eagle Auto Parts,Cleveland,OH,,
355,East Coast Auto Salvage Inc.,Higganum,CT,,
389,East Park Auto Recycling Inc.,Hyde Park,NY,,
158,Eaton Auto Parts & Salvage,Cleveland,OH,,
159,Economy Auto Salvage,Winona,MN,,
42,Elite Auto Parts,Lindenhurst,NY,,
330,Elite Foreign Auto Parts,Sun Valley,CA,,
83,Elston Auto Repair & Salvage,Lafayette,IN,,
390,Engine & Transmission World,Cudahy,WI,,
160,"Euroasian Auto, Inc.",Wichita,KS,,
161,"European Automotive Group, LLC",Moultrie,GA,,
162,Evans Automotive,Newport,TN,,
331,"Extreme Automotive, LLC.",Mancelona,MI,,
84,Fann's Auto Parts,Manchester,TN,,
163,"Fergus Auto Recyclers, Inc.",Fergus,ON,,
164,Fifth Street Auto Salvage,Oxnard,CA,,
165,Ford & Sons Salvage,Westtown,NY,,
166,Ford Auto Recycling,Rancho Cordova,CA,,
167,"Foreign Engines, Inc.",Lynnwood,WA,,
168,Forty Three Auto,Joplin,MO,,
169,"Freeman's Auto Salvage Center, Inc.",Joplin,MO,,
170,French Lake Auto Parts,Annandale,MN,,
310,Fues Auto Salvage,Winter Springs,FL,,
85,G & B Auto Parts,Floyd,VA,,
86,G & N Used Auto Parts,Rocky Mount,NC,,
171,"G & T Metals, LLC",Longview,WA,,
391,G & T-1-800 Used Parts,Chesterfield,MI,,
172,Gardner Foreign Auto Parts,Pompano Beach,FL,,
173,Gates Salvage Yard Inc.,Hardwick,VT,,
174,Geauga Lake Auto Sales,Mantua,OH,,
175,General Auto Parts,Rockford,IL,,
176,Gille Auto,Valley City,ND,,
392,Gold Dust Auto Parts,Pasadena,TX,,
177,Goodnews Auto Parts,Ahoskie,NC,,
10,Gravely Auto Parts,Axton,VA,,
332,Greenleaf Auto Recyclers LLC - Kennedale,Kennedale,TX,,
178,Greenyard Auto Parts,Lakeside,CA,,
372,Gundies Inc.,Bellingham,WA,,
356,H & L Auto Salvage,Phoenix,AZ,,
24,"H.E.M Auto Parts, Inc.",Columbus,OH,,
87,Happy Import Auto Salvage,Indianapolis,IN,,
339,Harbor Auto Used Parts,Lynn,MA,,
179,Harold Huffman Garage,Clinton,IL,,
180,Hayward Auto Salvage,Hayward,WI,,
366,Hazers Auto & Truck Parts Inc.,West Fargo,ND,,
181,Helman Auto Parts,Sidney,OH,,
25,"Heritage Used Car and Truck Parts, LLC",Mobile,AL,,
182,Hickman Motors Inc.,Hickman,KY,,
393,Hidden Valley Auto Parts,Maricopa,AZ,,
183,Highway 54 Salvage,Trenton,TN,,
184,Highway 64 Truck and Auto Salvage,Kirtland,NM,,
185,Hot Rod Farm,Bullhead City,AZ,,
408,"House of Auto Parts, Inc.",River Rouge,MI,,
186,Howard's Auto Parts,Grand Rapids,OH,,
333,"I-80 Auto Parts Co, Inc.",Gary,IN,,
306,Import Parts Only,Sun Valley,CA,,
43,"Interstate Auto & Truck Salvage, LLC",Ravenna,OH,,
312,Izzy's Auto Parts – The Auto Parts Locator,Glencoe,MN,,
187,J & S Anderson's Auto Wrecking,Spanish Fork,UT,,
190,JC's Towing & Salvage,Salisbury,NC,,
367,Jack's Used Auto Parts,North Billerica,MA,,
188,James Island Auto Salvage,Charleston,SC,,
189,Jay's Auto Parts & Sales,Oklahoma City,OK,,
191,"Jean-Guy's Used Cars and Parts, Inc.",Pelham,NH,,
192,Jellison's Auto Parts,Ham Lake,MN,,
88,Jim's Auto Inc.,Westminster,SC,,
193,Jim's Used Toyota Truck Parts,Denver,CO,,
89,Joe's Transmission & Differential Service,Saxonburg,PA,,
357,Joe's Used Auto Parts,New Ringgold,PA,,
194,Joey's Enterprises,Linden,IN,,
90,Johannes Auto Sales Inc.,Jackson,MO,,
91,John Nichols Used Cars & Parts Inc.,Elizabethtown,KY,,
92,Jr's Auto Salvage,Flemingsburg,KY,,
11,Junk Cars for Cash,Falls Church,VA,,
195,"K.E. Rodgers Auto, Inc.",Dover,PA,,
197,KB Cores,Kankakee,IL,,
341,Kar King Auto,Ontario,CA,,
196,Kash Auto Salvage & Wrecking,Cleveland,OH,,
93,Keiffer Auto Recycling,Canton,OH,,
94,Ken's Auto & Salvage,Osceola,PA,,
198,Kilroy's Auto & Truck Dismantling,Wilmington,CA,,
373,King Auto & Truck Wrecking Inc.,Seattle,WA,,
199,King Automotive Salvage Center,Cedar Falls,IA,,
200,Klamath Auto Wreckers,Klamath Falls,OR,,
334,Kosiski Auto Parts,Omaha,NE,,
26,"LGT Automotive, Inc.",Thornhill,ON,,
206,LKQ Birmingham - Ardmore,Ardmore,AL,,
201,"La Victoria Auto Parts, Inc.",Miami,FL,,
202,LaBarron Brothers Repair & Parts,Woodhull,NY,,
95,Lacey Used Auto Parts,Newark,NJ,,
203,Lacey Used Auto Parts Inc.,Lacey Township,NJ,,
204,Lawrence Auto Salvage,Lawrence,MA,,
205,Liberty Auto Parts,Addisleigh Park,NY,,
207,Lowcost Parts,Frankewing,TN,,
208,Lubbock Auto Recyclers,Lubbock,TX,,
358,M-97 Auto Parts,Warren,MI,,
44,Malahat Auto Parts,Victoria,BC,,
394,"McDonough Auto Parts, Inc.",McDonough,GA,,
209,McLaughlin Auto,Pueblo,CO,,
359,Mega Auto Care and Wholesale,Detroit,MI,,
335,Meridian Auto Wrecking,Graham,WA,,
360,Metro Auto Salvage Sales,Ridgewood,NY,,
210,Metropolitan Auto Warehouse,San Bernardino,CA,,
395,Meyers Auto,Aberdeen,SD,,
409,Michaelson Auto Recycling,South River,NJ,,
583,Michaelson Auto Recycling,West Memphis,AR,,
584,Michaelson Auto Recycling,South River,NJ,,
211,Midway Auto Parts,Summit,MS,,
361,Mims East Coast Auto Salvage,Mims,FL,,
212,Missouri Auto LLC,Sikeston,MO,,
396,Mitchell's Used Auto Parts,Conyers,GA,,
213,Modern Capri Parts,Glenmoore,PA,,
214,Moms Auto Parts,Homestead,FL,,
215,Moraine Auto Parts & Service,Moraine,OH,,
216,Morton's Auto Salvage,Jacksonville,NC,,
217,Motor City 2 Auto Wrecking,Bakersfield,CA,,
218,Mustang Store,Louisville,KY,,
71,National Parts LLC,Jacksonville,FL,,
219,Nationwide Auto Parts & Recycler,Toledo,OH,,
45,"Nationwide Auto Recycling, Inc.",Lancaster,MA,,
220,Needles Auto Wrecking,Needles,CA,,
221,Newark Motor & Export Corp.,Newark,NJ,,
370,Nexus Auto Parts Inc.,East Hills,NY,,
222,Night Auto Parts,Edmonton,AB,,
223,"Nik's Auto Parts, Inc.",Neenah,WI,,
224,Nordstroms Automotive,Garretson,SD,,
225,North Smithfield Auto Recycling,North Smithfield,RI,,
226,North-Central Collision & Salvage,Leslie,AR,,
227,Nu-Parts Automotive Products,Tempe,AZ,,
228,Old 33 Salvage,Chouteau,OK,,
229,Overseas Parts Connection,Fort Lauderdale,FL,,
230,"Owen Auto Parts and Towing, Inc.",Maybee,MI,,
231,Pacific Auto Salvage Inc.,American Canyon,CA,,
319,Paradise Auto Parts,Elkton,MD,,
5,Parson's Auto Parts,Columbus,OH,,
362,Perk's Auto Parts and Salvage,Plainwell,MI,,
232,Petry Auto Salvage,Zelienople,PA,,
233,Phoenix Used Auto Parts,Bay Shore,NY,,
397,Pick-n-Pull,Wadsworth,IL,,
234,Pickup Salvage Co.,Bakersfield,CA,,
235,Piper Auto Salvage,Bloomfield,IA,,
236,Plues Transmission Parts,Denver,CO,,
363,Poor Boy Salvage,Muskogee,OK,,
237,Popow & Sons Auto Wreckers,LaCombe,AB,,
371,"Post Brothers Auto Parts, Inc.",Catskill,NY,,
238,Post Road Used Auto Parts,Marlboro,MA,,
27,Potts Auto Parts,Lexington,NC,,
239,Premier Auto & Truck Parts Inc.,Cedar Springs,MI,,
652,Premium Auto Salvage,Orlando,FL,,
46,Prestige Mustang,Clarkston,GA,,
72,Prestige Mustang,Clarkston,GA,,
304,Pro Airbags,Peterborough,ON,,
240,Pro-Fast Auto,Glenwood,MN,,
241,Pugh's Auto Salvage,New Boston,TX,,
242,R.F. Koskowski Automotive,Granby Center,NY,,
248,RPM Motorsports,Albert Lea,MN,,
243,Race Auto Parts Recyclers,Jessup,MD,,
398,Rancho Toyota Truck & SUV Recycling,Rancho Cordova,CA,,
28,Ray's Auto Parts,Oakland Park,FL,,
244,Redneck Car Parts,Shelby,NC,,
368,"Regions Auto Parts, LLC",Tampa,FL,,
245,Rhinelander Auto Salvage,Rhinelander,WI,,
73,Rock and Roll Auto Parts,Pleasanton,CA,,
77,Rockitop Auto,Glen Flora,WI,,
246,"Route 12 Auto Parts & Salvage, Inc.",Richmond,IL,,
247,Roxbury Auto Wreckers Inc.,Kenvil,NJ,,
249,Runion's Recycling Inc.,Roseboro,NC,,
336,Rusak Auto,Lyndhurst,OH,,
399,SA Recycling,Santa Ana,CA,,
250,Salisbury Auto Salvage,Clay,WV,,
12,Salvage Auto Supplies,Charlotte,NC,,
251,"Sambucci Bros., Inc. II",Flushing,NY,,
252,Sanborn Auto,Sanborn,IA,,
253,"Schimmick's Auto Dismantlers, Inc.",Torrance,CA,,
254,"Scott's Auto Recyclers, Inc.",Greeley,CO,,
47,Scrap Car Cash - NJ,Union,NJ,,
13,Seymour Auto Wrecking,Seymour,CT,,
400,Shakti Auto Parts,Atlanta,GA,,
255,Sharp Auto Parts,Stillwater,MN,,
256,Simplycars,Oakville,ON,,
257,"Smithville Auto Salvage, LLC",Dowelltown,TN,,
29,South Coast Auto Wrecking,Bandon,OR,,
258,Southern Auto Salvage & Recycling,Bay St Louis,MS,,
74,Southern Import Specialist Inc.,Pearl,MS,,
51,Southside Auto Parts,San Antonio,TX,,
75,Southside Auto Parts,San Antonio,TX,,
401,Southside Auto Parts,Memphis,TN,,
259,Specialized Auto,Essex,MA,,
402,Specialized German Recycling,Rancho Cordova,CA,,
260,Specialized Parts Planet dba Specialized British Recycling,Rancho Cordova,CA,,
261,Speedway Auto Parts,Chicago Heights,IL,,
262,Spencer Auto Salvage,Whittemore,MI,,
263,Stadium Auto Wreckers,South Amboy,NJ,,
264,Stafford's Inc.,Montgomery,IL,,
30,Standard Auto Wreckers,Niagara Falls,NY,,
31,Standard Auto Wreckers,Toronto,ON,,
265,Stockton Auto Dismantlers Inc.,Stockton,CA,,
266,Stoney Creek Auto Inc.,Carleton,MI,,
267,Stoney Point Used Auto Parts,Shelby,NC,,
268,Streamline Auto Parts,Victorville,CA,,
48,Suburban Wheel Cover,Elk Grove Village,IL,,
52,"Subway Truck Parts, Inc.",Sacramento,CA,,
403,Sunrise Nissan/Kia Auto Dismantling,Rancho Cordova,CA,,
364,Supreme Auto Parts,Olean,NY,,
269,T.A.P. Recycling,Rancho Cordova,CA,,
404,Ted's Auto Salvage,Chester,VA,,
32,Teddy Bears Auto Salvage,Holiday,FL,,
49,Tedrow Auto,Wauseon,OH,,
270,Terry's Auto Parts,Ogden,UT,,
271,The Metal Giant,Damascus,PA,,
272,The Speed Shop,Somerset,OH,,
273,Thomas Motors & Salvage,Fyffe,AL,,
318,Thompson's Auto Parts,Fountain Inn,SC,,
340,Thoroughbred Auto Parts,Saratoga Springs,NY,,
405,Timo's Auto Sales,Arroyo Grande,CA,,
33,Tom's Auto Parts,Baltimore,MD,,
274,Tom's Auto Parts & Locating Service,Sabattus,ME,,
275,Tom's Foreign Auto Parts,Waterbury,CT,,
406,"Tony's Auto Salvage, Inc.",Spartanburg,SC,,
276,Tracey's Auto Wreckers,Utopia,ON,,
365,Travers Auto,St. Johns,MI,,
277,Triple Decker Auto Parts Inc.,Chesapeake,VA,,
278,Troy Sellers Auto,Cottondale,AL,,
279,Truck Parts Company,Baldwin Park,CA,,
14,U & I Auto Parts,San Bernardino,CA,,
280,U Fix It Auto,Rushville,IN,,
281,Unique Scrap & Auto - USA,Jackson,NJ,,
337,"Universal Auto Recycling, Inc.",Englewood,CO,,
282,Universal Auto Salvage,Uxbridge,MA,,
317,Universal Used Auto Parts,Ridgewood,NY,,
283,Valdosta Wrecking Co. Inc.,Valdosta,GA,,
284,Valley Auto Salvage,Valley,AL,,
53,Van's Auto Salvage,Waupun,WI,,
285,"VoluParts, Inc.",Atlanta,GA,,
286,Wagner Pickup & Van Parts,Harmony,PA,,
291,Wagner Pickup & Van Parts,Harmony,PA,,
287,Wallace Wrecking & Salvage,Albany,KY,,
292,Wallace Wrecking & Salvage,Albany,KY,,
288,Walt's Auto Inc.,Springfield,OH,,
293,Walt's Auto Inc.,Springfield,OH,,
50,Wayne Auto Parts,Dover,OH,,
76,Wayne Auto Parts,Dover,OH,,
296,WeGotYourPart,Tamaqua,PA,,
289,Weaver Automotive,Carnesville,GA,,
294,Weaver Automotive,Carnesville,GA,,
290,Weber Bros. Auto,Lebanon,PA,,
295,Webster's Used Auto Parts,Terryville,CT,,
297,West Coast Auto Parts,Los Angeles,CA,,
34,West Milford Auto Recyclers,West Milford,NJ,,
3,Wheel City Auto Parts,Collinsville,IL,,
298,Wheels Auto Recyclers,Nevada,TX,,
299,Wheels Auto Salvage,Ashdown,AR,,
407,Wholesale Parts Direct,Austin,TX,,
300,Woodfin Guaranteed Used Parts,Midlothian,VA,,
301,Wrightstown Used Auto & Truck Parts,Newtown,PA,,
302,Yeager Auto Salvage Inc.,Harrison,AR,,
641,aaa1 scrap metal mid-state metal recovery llc,Worcester,MA,,
653,the meta,Bangalore,Karnataka,,
